Id,Parents,name,region,code,R,G,B,Select,Population/1975,Population/1976,Population/1977,Population/1978,Population/1979,Population/1980,Population/1981,Population/1982,Population/1983,Population/1984,Population/1985,Population/1986,Population/1987,Population/1988,Population/1989,Population/1990,Population/1991,Population/1992,Population/1993,Population/1994,Population/1995,Population/1996,Population/1997,Population/1998,Population/1999,Population/2000,Arable Area/1975,Arable Area/1976,Arable Area/1977,Arable Area/1978,Arable Area/1979,Arable Area/1980,Arable Area/1981,Arable Area/1982,Arable Area/1983,Arable Area/1984,Arable Area/1985,Arable Area/1986,Arable Area/1987,Arable Area/1988,Arable Area/1989,Arable Area/1990,Arable Area/1991,Arable Area/1992,Arable Area/1993,Arable Area/1994,Arable Area/1995,Arable Area/1996,Arable Area/1997,Arable Area/1998,Arable Area/1999,Arable Area/2000,Energy Consumption/1975,Energy Consumption/1976,Energy Consumption/1977,Energy Consumption/1978,Energy Consumption/1979,Energy Consumption/1980,Energy Consumption/1981,Energy Consumption/1982,Energy Consumption/1983,Energy Consumption/1984,Energy Consumption/1985,Energy Consumption/1986,Energy Consumption/1987,Energy Consumption/1988,Energy Consumption/1989,Energy Consumption/1990,Energy Consumption/1991,Energy Consumption/1992,Energy Consumption/1993,Energy Consumption/1994,Energy Consumption/1995,Energy Consumption/1996,Energy Consumption/1997,Energy Consumption/1998,Energy Consumption/1999,Energy Consumption/2000,GDP Per Capita/1975,GDP Per Capita/1976,GDP Per Capita/1977,GDP Per Capita/1978,GDP Per Capita/1979,GDP Per Capita/1980,GDP Per Capita/1981,GDP Per Capita/1982,GDP Per Capita/1983,GDP Per Capita/1984,GDP Per Capita/1985,GDP Per Capita/1986,GDP Per Capita/1987,GDP Per Capita/1988,GDP Per Capita/1989,GDP Per Capita/1990,GDP Per Capita/1991,GDP Per Capita/1992,GDP Per Capita/1993,GDP Per Capita/1994,GDP Per Capita/1995,GDP Per Capita/1996,GDP Per Capita/1997,GDP Per Capita/1998,GDP Per Capita/1999,GDP Per Capita/2000,Life Expectancy (Women)/1975,Life Expectancy (Women)/1976,Life Expectancy (Women)/1977,Life Expectancy (Women)/1978,Life Expectancy (Women)/1979,Life Expectancy (Women)/1980,Life Expectancy (Women)/1981,Life Expectancy (Women)/1982,Life Expectancy (Women)/1983,Life Expectancy (Women)/1984,Life Expectancy (Women)/1985,Life Expectancy (Women)/1986,Life Expectancy (Women)/1987,Life Expectancy (Women)/1988,Life Expectancy (Women)/1989,Life Expectancy (Women)/1990,Life Expectancy (Women)/1991,Life Expectancy (Women)/1992,Life Expectancy (Women)/1993,Life Expectancy (Women)/1994,Life Expectancy (Women)/1995,Life Expectancy (Women)/1996,Life Expectancy (Women)/1997,Life Expectancy (Women)/1998,Life Expectancy (Women)/1999,Life Expectancy (Women)/2000,Life Expectancy (Men)/1975,Life Expectancy (Men)/1976,Life Expectancy (Men)/1977,Life Expectancy (Men)/1978,Life Expectancy (Men)/1979,Life Expectancy (Men)/1980,Life Expectancy (Men)/1981,Life Expectancy (Men)/1982,Life Expectancy (Men)/1983,Life Expectancy (Men)/1984,Life Expectancy (Men)/1985,Life Expectancy (Men)/1986,Life Expectancy (Men)/1987,Life Expectancy (Men)/1988,Life Expectancy (Men)/1989,Life Expectancy (Men)/1990,Life Expectancy (Men)/1991,Life Expectancy (Men)/1992,Life Expectancy (Men)/1993,Life Expectancy (Men)/1994,Life Expectancy (Men)/1995,Life Expectancy (Men)/1996,Life Expectancy (Men)/1997,Life Expectancy (Men)/1998,Life Expectancy (Men)/1999,Life Expectancy (Men)/2000,Life Expectancy/1975,Life Expectancy/1976,Life Expectancy/1977,Life Expectancy/1978,Life Expectancy/1979,Life Expectancy/1980,Life Expectancy/1981,Life Expectancy/1982,Life Expectancy/1983,Life Expectancy/1984,Life Expectancy/1985,Life Expectancy/1986,Life Expectancy/1987,Life Expectancy/1988,Life Expectancy/1989,Life Expectancy/1990,Life Expectancy/1991,Life Expectancy/1992,Life Expectancy/1993,Life Expectancy/1994,Life Expectancy/1995,Life Expectancy/1996,Life Expectancy/1997,Life Expectancy/1998,Life Expectancy/1999,Life Expectancy/2000,Infant Mortality/1975,Infant Mortality/1976,Infant Mortality/1977,Infant Mortality/1978,Infant Mortality/1979,Infant Mortality/1980,Infant Mortality/1981,Infant Mortality/1982,Infant Mortality/1983,Infant Mortality/1984,Infant Mortality/1985,Infant Mortality/1986,Infant Mortality/1987,Infant Mortality/1988,Infant Mortality/1989,Infant Mortality/1990,Infant Mortality/1991,Infant Mortality/1992,Infant Mortality/1993,Infant Mortality/1994,Infant Mortality/1995,Infant Mortality/1996,Infant Mortality/1997,Infant Mortality/1998,Infant Mortality/1999,Infant Mortality/2000,Number of Personal Computers/1975,Number of Personal Computers/1976,Number of Personal Computers/1977,Number of Personal Computers/1978,Number of Personal Computers/1979,Number of Personal Computers/1980,Number of Personal Computers/1981,Number of Personal Computers/1982,Number of Personal Computers/1983,Number of Personal Computers/1984,Number of Personal Computers/1985,Number of Personal Computers/1986,Number of Personal Computers/1987,Number of Personal Computers/1988,Number of Personal Computers/1989,Number of Personal Computers/1990,Number of Personal Computers/1991,Number of Personal Computers/1992,Number of Personal Computers/1993,Number of Personal Computers/1994,Number of Personal Computers/1995,Number of Personal Computers/1996,Number of Personal Computers/1997,Number of Personal Computers/1998,Number of Personal Computers/1999,Number of Personal Computers/2000,Indexed Population/1975,Indexed Population/1976,Indexed Population/1977,Indexed Population/1978,Indexed Population/1979,Indexed Population/1980,Indexed Population/1981,Indexed Population/1982,Indexed Population/1983,Indexed Population/1984,Indexed Population/1985,Indexed Population/1986,Indexed Population/1987,Indexed Population/1988,Indexed Population/1989,Indexed Population/1990,Indexed Population/1991,Indexed Population/1992,Indexed Population/1993,Indexed Population/1994,Indexed Population/1995,Indexed Population/1996,Indexed Population/1997,Indexed Population/1998,Indexed Population/1999,Indexed Population/2000,Indexed Energy Consumption/1975,Indexed Energy Consumption/1976,Indexed Energy Consumption/1977,Indexed Energy Consumption/1978,Indexed Energy Consumption/1979,Indexed Energy Consumption/1980,Indexed Energy Consumption/1981,Indexed Energy Consumption/1982,Indexed Energy Consumption/1983,Indexed Energy Consumption/1984,Indexed Energy Consumption/1985,Indexed Energy Consumption/1986,Indexed Energy Consumption/1987,Indexed Energy Consumption/1988,Indexed Energy Consumption/1989,Indexed Energy Consumption/1990,Indexed Energy Consumption/1991,Indexed Energy Consumption/1992,Indexed Energy Consumption/1993,Indexed Energy Consumption/1994,Indexed Energy Consumption/1995,Indexed Energy Consumption/1996,Indexed Energy Consumption/1997,Indexed Energy Consumption/1998,Indexed Energy Consumption/1999,Indexed Energy Consumption/2000,Indexed GDP/1975,Indexed GDP/1976,Indexed GDP/1977,Indexed GDP/1978,Indexed GDP/1979,Indexed GDP/1980,Indexed GDP/1981,Indexed GDP/1982,Indexed GDP/1983,Indexed GDP/1984,Indexed GDP/1985,Indexed GDP/1986,Indexed GDP/1987,Indexed GDP/1988,Indexed GDP/1989,Indexed GDP/1990,Indexed GDP/1991,Indexed GDP/1992,Indexed GDP/1993,Indexed GDP/1994,Indexed GDP/1995,Indexed GDP/1996,Indexed GDP/1997,Indexed GDP/1998,Indexed GDP/1999,Indexed GDP/2000
0,,A,OC,AUS,255,215,0,0,12925179,13104717,13274487,13445160,13624504,13815623,14016589,14224073,14432572,14638327,14840224,15040448,15242390,15450858,15669117,15898038,16135897,16380120,16626941,16873335,17119108,17364316,17606545,17842944,18071758,18291108,41283,40787,40387,42287,42387,42233,41241,42670,44087,44186,43171,46531,44975,47239,47310,46975,47106,47223,47877,48081,45874,47378,46486,52100,46348,52221,57974,60888,64772,69743,73933,76596,82607,86295,91232,96135,101480,105329,106287,112947,120996,126211,131523,139017,147788,155077,156851,159761,163747,167513,173384,177672,3798,4325,4852,5379,5906,6433,6860,7577,8377,9259,10429,10490,11351,12327,13064,13388,14334,15252,16215,16703,17004,17714,18595,19624,20753,21602,73.76,74.12,74.48,74.84,75.2,75.56,75.92,76.28,76.64,77,77.34,77.68,78.02,78.36,78.7,78.84,78.98,79.12,79.26,79.4,79.64,79.88,80.12,80.36,80.6,80.83,67.04,67.38,67.72,68.06,68.4,68.74,69.08,69.42,69.75,70.1,70.46,70.82,71.18,71.54,71.9,72.12,72.34,72.56,72.78,73,73.34,73.68,74.02,74.36,74.7,75.04,70.26,70.62,70.98,71.34,71.7,72.06,72.42,72.78,73.14,73.5,73.84,74.18,74.52,74.86,75.2,75.38,75.56,75.74,75.92,76.1,76.39,76.69,77,77.3,77.6,77.89,19.33,18.65,17.95,17.29,16.6,15.9,15.24,14.55,13.85,13.19,12.5,12,11.5,11,10.5,10,9.72,9.44,9.16,8.87,8.6,8.2,7.8,7.39,7,6.6,0,0,0,0,0,0,0,0,0,0,0,0,0,2.03,4.19,6.16,8.2,10.3,13.1,15,16,18.4,20.8,24,27.6,28.9,0.010545315378442414,0.010691795735303607,0.010830306636529669,0.010969554271830108,0.011115876349167017,0.011271805340928951,0.011435768242359102,0.011605049009455692,0.011775157888496353,0.011943028009729599,0.01210775048970155,0.012271108012745004,0.012435867207039599,0.012605950793991325,0.012784022601676423,0.0129707932562065,0.013164856191087397,0.01336411134706391,0.013565486143267701,0.0137665125613433,0.013967032321766418,0.014167091113471903,0.014364719417018395,0.014557591176097971,0.014744274532127542,0.014923236458168282,0.015716243380290852,0.0165062032452332,0.017559121610173513,0.018906716149853814,0.020042588433350186,0.020764504397777595,0.022394033824053656,0.02339381830652015,0.02473219574413867,0.0260613560796954,0.027510338742055333,0.02855376891369675,0.02881347431884938,0.030618941958010678,0.03280095532551958,0.03421469612705504,0.0356547327785903,0.037686290509502424,0.04006403175020569,0.04204001577751,0.04252093163214546,0.043309807132139354,0.044390376803265026,0.0454113064022262,0.04700288305530668,0.04816532228003996,0.13058726447531288,0.1487071929583276,0.16682712144134232,0.18494704992435704,0.20306697840737176,0.22118690689038648,0.23586851877320864,0.26052124879658917,0.28802778159812953,0.3183537340118278,0.3585820382340806,0.36067941136019804,0.39028331728785587,0.4238412873057351,0.44918168064915415,0.460321826433778,0.4928483014715995,0.5244120478613671,0.5575230367212213,0.5743020217301609,0.5846513546967405,0.6090634025581075,0.6393549718058039,0.6747352496217852,0.713553844037959,0.7427451519735937
1,,B,AS,CHN,255,177,78,0,851410624,871825538,891587287,910328330,927807624,943877441,958635696,972412497,985695522,998877093,1011976337,1024987016,1038240611,1052132282,1066906060,1082759055,1099532095,1116665305,1133368548,1149068978,1163550191,1176963429,1189550675,1201711768,1213731655,1225679701,102165,101781,101388,102029,100637,100590,100532,100316,100423,100219,100908,101199,114902,115900,125896,126996,128794,129703,131002,131397,131391,131783,132782,133479,134700,135079,138400,152400,166800,168800,195800,203100,223400,256550,282202,300928,309507,328010,351870,377760,411770,450700,498520,546680,586530,623040,680400,759420,843842,926037,1002340,1077722,206,211,216,221,226,231,261,308,355,412,468,532,603,711,823,904,1021,1157,1229,1303,1454,1680,1944,2217,2518,2789,61.98,62.46,62.94,63.42,63.9,64.38,64.86,65.34,65.82,66.3,66.42,66.54,66.66,66.78,66.9,67.28,67.66,68.04,68.42,68.8,69.1,69.39,69.7,70,70.3,70.6,60.9,61.3,61.7,62.1,62.5,62.9,63.3,63.7,64.1,64.5,64.46,64.42,64.38,64.34,64.3,64.64,64.98,65.32,65.66,66,66.28,66.56,66.84,67.12,67.4,67.68,61.52,61.94,62.36,62.78,63.2,63.62,64.04,64.46,64.88,65.3,65.34,65.38,65.42,65.46,65.5,65.86,66.22,66.58,66.94,67.3,67.58,67.86,68.14,68.42,68.7,68.98,67.16,65.65,64.1,62.64,61.1,59.55,58.09,56.55,55,53.54,52,49.16,46.32,43.48,40.64,37.8,36.51,35.23,33.96,32.68,31.4,31.09,30.79,30.5,30.2,29.9,0,0,0,0,0,0,0,0,0,0,0,0,0,0,0,0,0,0,0,0,0.1,0.1,0.1,0.2,0.2,0.4,0.6946436522570753,0.7112996464644885,0.7274227404374709,0.7427130670902741,0.7569739657457214,0.7700849089936915,0.7821257831208873,0.7933659146077349,0.8042031871750808,0.8149576860782163,0.8256450165360126,0.8362600891274775,0.8470733505278146,0.8584072014422632,0.8704607403790233,0.8833947842300115,0.897079468724921,0.9110580064995301,0.9246857454482719,0.9374953155073913,0.9493101583151698,0.9602536682623906,0.9705232729476361,0.980445190549827,0.9902519018710583,1,0.03751902721620475,0.041314304535763034,0.04521801835016584,0.045760200824388454,0.053079664226393715,0.05505863025730625,0.06056178237066576,0.06954845688090555,0.07650248929528478,0.08157894380143109,0.08390463552460899,0.08892063668487948,0.09538887360235523,0.10240742573116696,0.11162723870532247,0.1221808205660656,0.13514440352472826,0.14820015750400875,0.1590031433028943,0.16890068436982808,0.1844504777305326,0.205872107287068,0.22875817170647866,0.2510405159408425,0.2717255906061464,0.29216099024207093,0.007082932196396644,0.007254848026406272,0.0074267638564158986,0.007598679686425526,0.007770595516435153,0.00794251134644478,0.008974006326502545,0.01059001512859304,0.012206023930683537,0.014165864392793288,0.016091321688901115,0.018291844313024344,0.02073304909916105,0.024446431027369,0.028297345619584652,0.031082382065740613,0.035105212487965894,0.039781323064227755,0.04225691101636639,0.04480126530050887,0.04999312336679961,0.05776371888323477,0.0668408747077431,0.07622747902626874,0.08657681199284831,0.0958946499793701
2,,C,EU,DNK,250,135,117,0,4959189,4987826,5014364,5038466,5059864,5078660,5094844,5107958,5117433,5123029,5124597,5122764,5119055,5115502,5113678,5114105,5116737,5121853,5129576,5139947,5153137,5169106,5187348,5207139,5227861,5249337,2662,2666,2668,2655,2660,2667,2648,2653,2656,2653,2651,2644,2610,2627,2614,2604,2588,2570,2555,2571,2558,2548,2542,2374,2328,2331,16664,18306,18896,18673,19587,21758,23065,24475,25596,25916,25328,25806,26474,27552,29599,30970,32050,32452,32614,33336,34386,34641,36035,36475,37260,39462,3535,4355,5175,5995,6815,7635,8156,8850,9953,10874,11753,12918,13645,14738,15743,16672,17052,17860,18615,19546,20416,20828,21069,22592,23487,24394,75.68,75.86,76.04,76.22,76.4,76.58,76.76,76.94,77.12,77.3,77.36,77.42,77.47,77.53,77.6,77.66,77.72,77.78,77.84,77.9,77.88,77.86,77.84,77.82,77.8,77.78,70.58,70.66,70.74,70.82,70.9,70.98,71.06,71.14,71.22,71.3,71.36,71.42,71.47,71.53,71.6,71.69,71.8,71.89,72,72.1,72.17,72.25,72.34,72.42,72.5,72.58,73.11,73.24,73.35,73.47,73.6,73.72,73.84,73.96,74.08,74.2,74.28,74.36,74.44,74.52,74.6,74.66,74.72,74.78,74.84,74.9,74.96,75.02,75.08,75.14,75.2,75.26,13.86,13.4,12.92,12.47,12,11.52,11.07,10.6,10.12,9.67,9.2,8.95,8.71,8.48,8.24,8,8,8,8,8,8,7.7,7.4,7.1,6.8,6.5,0,0,0,0,0,0,0,0,0,0,0,0,0,0,0,0.95,3.38,5.8,7.8,11.5,13.4,15.5,17.9,19.2,26.8,30.5,0.004046072555459577,0.004069436734516011,0.0040910883943895875,0.004110752585597402,0.004128210653951264,0.004143545818582501,0.004156749920752746,0.004167449290244874,0.004175179694845905,0.004179745324835073,0.004181024615010737,0.004179529118268395,0.004176503042208741,0.004173604242467584,0.004172116088589771,0.004172464466717965,0.0041746118466556865,0.004178785857203325,0.004185086850842771,0.004193548278401325,0.0042043096543050275,0.004217338343600422,0.004232221514126226,0.0042483684732248,0.004265275010865176,0.004282796717378287,0.004517464375222803,0.004962596186559568,0.005122540016455238,0.005062086670579417,0.005309864061299151,0.0058984031370677955,0.006252719383972273,0.006634958028299214,0.006938851305100988,0.0070256005009766065,0.006866198853555158,0.006995780464894363,0.007176869411284715,0.007469105764890703,0.008024029527257547,0.008395695613337147,0.008688474149417357,0.008797452826736102,0.008841369607148134,0.009037097480342496,0.009321743279309368,0.009390871544772752,0.009768772729305911,0.009888052873634886,0.010100859494767262,0.010697802398886357,0.12154449181680649,0.14973868793838538,0.17793288405996424,0.2061270801815431,0.234321276303122,0.26251547242470086,0.280429101911704,0.3042910191170403,0.3422156512171641,0.3738825471049374,0.4041053500206299,0.44416173841287304,0.46915830009627285,0.5067391005363774,0.5412941823683125,0.5732361435841012,0.5863017466648329,0.6140833447943886,0.6400426351258424,0.672053362673635,0.7019667170953101,0.7161325814881034,0.7244189244945675,0.7767844863154999,0.8075574198872232,0.8387429514509696
3,,D,AF,GMB,234,95,148,0,497455,514510,532494,551036,569883,589013,608563,628627,649352,670884,693208,716401,740807,766861,794870,824989,857122,891000,926218,962473,999635,1037763,1076967,1117431,1159255,1202420,133,138,143,170,164,163,170,177,166,159,181,202,183,169,169,177,184,199,181,187,196,162,161,180,185,190,13,16,18,26,27,28,31,39,41,45,45,44,45,47,48,53,58,65,61,70,70,71,73,73,74,76,400,452,504,556,608,660,701,785,820,924,1010,1043,1206,1164,1197,1398,1168,1222,1401,1484,1469,1456,1478,1463,1452,1467,35.83,36.58,37.31,38.05,38.8,39.54,40.28,41.01,41.76,42.5,43.28,44.06,44.83,45.62,46.4,47.18,47.96,48.73,49.51,50.3,51,51.69,52.4,53.09,53.8,54.5,35.07,35.75,36.44,37.12,37.8,38.48,39.16,39.84,40.52,41.2,41.92,42.64,43.36,44.08,44.8,45.5,46.19,46.9,47.59,48.3,48.96,49.62,50.28,50.94,51.6,52.26,35.5,36.19,36.9,37.59,38.3,39,39.69,40.4,41.09,41.8,42.55,43.32,44.08,44.84,45.6,46.34,47.08,47.82,48.55,49.3,49.96,50.62,51.28,51.94,52.6,53.26,184.14,179.1,173.96,169.13,164,158.86,154.03,148.9,143.76,138.93,133.8,129.1,124.4,119.7,115,110.3,107.62,104.94,102.26,99.58,96.9,95.48,94.06,92.64,91.22,89.8,0,0,0,0,0,0,0,0,0,0,0,0,0,0,0,0,0,0,0,0,0,0,0,0,0.1,0.2,0.0004058605193462366,0.00041977524762809137,0.00043444792270407354,0.0004495758553808341,0.0004649526295777334,0.0004805602960703679,0.0004965106295743409,0.0005128803222302855,0.00052978930749217,0.0005473567029401264,0.000565570270466607,0.0005844928323570237,0.0006044050492111397,0.0006256618261478412,0.00064851363643494,0.0006730869405170969,0.0006993034145060056,0.0007269435883396424,0.0007556770331142165,0.0007852565390572623,0.000815576042570032,0.0008466836802088803,0.0008786691980958246,0.0009116827170167845,0.000945805824355412,0.0009810230185088135,0.0000035241860824469778,0.000004337459793780896,0.000004879642268003508,0.0000070483721648939556,0.000007319463402005262,0.000007590554639116568,0.000008403828350450486,0.000010572558247340933,0.000011114740721563546,0.00001219910567000877,0.00001219910567000877,0.000011928014432897463,0.00001219910567000877,0.000012741288144231381,0.000013012379381342688,0.000014367835566899218,0.000015723291752455747,0.00001762093041223489,0.000016536565463789666,0.00001897638659779142,0.00001897638659779142,0.000019247477834902726,0.000019789660309125337,0.000019789660309125337,0.000020060751546236642,0.000020602934020459256,0.013753266400770183,0.015541191032870307,0.017329115664970432,0.019117040297070554,0.02090496492917068,0.0226928895612708,0.024102599367349747,0.026990785311511483,0.028194196121578877,0.03177004538577912,0.03472699766194471,0.035861642140008254,0.0414660981983221,0.04002200522624123,0.04115664970430477,0.04806766607069179,0.04015953789024893,0.04201622885435291,0.04817081556869757,0.05102461834685738,0.050508870856828494,0.050061889698803465,0.050818319350845825,0.05030257186081694,0.049924357034795766,0.05044010452482465
4,,E,EU,HUN,205,52,181,0,10375077,10412747,10450803,10490380,10531820,10575974,10621216,10662416,10692745,10707472,10705147,10687680,10657974,10620517,10579093,10533787,10484994,10437192,10395900,10364840,10346394,10339149,10338252,10336581,10328967,10313830,5578,5565,5555,5503,5495,5471,5422,5388,5354,5333,5317,5299,5292,5289,5293,5289,5289,5287,5287,5288,5287,4972,4973,4974,5031,5036,19340,20713,22305,23644,24596,26166,27845,30095,30645,31262,32203,33516,34866,36572,37604,38579,40362,40525,40672,39538,37342,35155,35388,35548,36422,37288,2102,2366,2630,2894,3158,3422,3911,4170,4868,5274,6056,6696,6945,7467,7708,8032,8606,8922,9463,9470,8605,8477,8604,9086,9462,9844,71.89,72,72.1,72.2,72.3,72.39,72.5,72.6,72.7,72.8,72.84,72.88,72.92,72.96,73,73.12,73.24,73.36,73.47,73.6,73.66,73.72,73.78,73.84,73.9,73.96,66.66,66.62,66.58,66.54,66.5,66.46,66.42,66.38,66.34,66.3,66.1,65.89,65.7,65.5,65.3,65.34,65.38,65.42,65.46,65.5,65.36,65.22,65.08,64.94,64.8,64.66,69.21,69.24,69.25,69.28,69.3,69.32,69.34,69.36,69.38,69.4,69.34,69.28,69.22,69.16,69.1,69.17,69.25,69.34,69.42,69.5,69.5,69.5,69.5,69.5,69.5,69.5,39.03,37.8,36.54,35.35,34.1,32.84,31.65,30.4,29.14,27.95,26.7,25.43,24.18,22.91,21.65,20.4,19.74,19.08,18.42,17.76,17.1,16.34,15.58,14.82,14.06,13.3,0,0,0,0,0,0,0,0,0,0,0,0,0,0,0,0.12,0.42,0.8,0.9,1,1.2,1.9,2.7,3.4,3.9,4.4,0.008464753876184167,0.008495487843605888,0.008526536738328507,0.008558826577156474,0.008592636388941878,0.008628660482319597,0.008665572246431451,0.008699186248496091,0.008723930886083916,0.008735946260074352,0.008734049353404442,0.00871979848510194,0.008695562136914267,0.008665001950619724,0.008631205192815704,0.008594241212778313,0.008554432280672975,0.008515431879539629,0.00848174281708203,0.008456401775719708,0.008441352166931253,0.008435441160985662,0.008434709322154304,0.008433345996973478,0.008427133933582213,0.008414784051318803,0.0052429045257326575,0.005615112794286481,0.00604669004376768,0.006409681210259719,0.0066677600679896825,0.007093373310254432,0.007548535497364316,0.008158490780864754,0.008307590961275972,0.008474854254573647,0.008729951108695387,0.009085893903022531,0.009451867073122795,0.009914348723634683,0.010194114880333551,0.010458428836517073,0.010941784512286532,0.010985972383935675,0.011025822795791037,0.010718405332906817,0.01012308897621039,0.009530212440647962,0.009593376698894896,0.009636751296832705,0.009873685038067986,0.010108450049406378,0.07227341493604732,0.08135057076055563,0.09042772658506396,0.09950488240957227,0.1085820382340806,0.11765919405858892,0.13447256223353046,0.14337780222802915,0.1673772520973731,0.18133681749415487,0.20822445330766057,0.23022967954889287,0.2387910878833723,0.2567391005363774,0.2650254435428414,0.27616558932746527,0.29590152661257046,0.3067666070691789,0.3253678998762206,0.32560858203823406,0.29586714344656856,0.2914660981983221,0.29583276028056665,0.3124054462934947,0.32533351671021865,0.3384678861229542
5,,F,AS,IND,157,2,215,0,561427382,573901785,586762819,600044316,613767233,627941825,642552661,657562064,672916902,688575418,704519770,720749252,737259342,754050696,771120552,788442870,805998670,823799168,841864119,860195242,878789217,897599210,916529257,935455492,954281733,972968477,164440,165260,166530,167230,168010,168189,168260,168635,168423,168255,168391,168675,168520,169078,169015,169250,169770,169310,169485,169438,169340,169270,169737,169790,169750,169530,66383,70508,72785,76665,85908,95591,98903,110086,112786,119223,131036,140227,150909,169100,183299,201382,219838,242508,269961,290815,317084,333919,357781,386980,419565,438372,344,366,388,410,432,454,506,560,560,636,726,784,855,905,965,1013,1064,1188,1287,1388,1424,1505,1583,1704,1836,1971,46.88,47.66,48.44,49.22,50,50.78,51.56,52.33,53.12,53.9,54.44,54.98,55.52,56.06,56.6,57.04,57.48,57.92,58.36,58.8,59.19,59.59,60,60.4,60.8,61.19,48.83,49.48,50.12,50.76,51.4,52.04,52.68,53.32,53.96,54.6,55.04,55.48,55.92,56.36,56.8,57.14,57.48,57.82,58.16,58.5,58.78,59.06,59.33,59.62,59.9,60.18,47.72,48.44,49.16,49.88,50.6,51.32,52.04,52.76,53.48,54.2,54.68,55.16,55.64,56.12,56.6,56.98,57.36,57.74,58.12,58.5,58.84,59.18,59.52,59.86,60.2,60.54,125.07,123,120.89,118.9,116.8,114.69,112.7,110.6,108.49,106.5,104.4,102.46,100.52,98.58,96.64,94.7,92.9,91.1,89.3,87.5,85.7,84,82.3,80.6,78.9,77.2,0,0,0,0,0,0,0,0,0,0,0,0,0,0,0,0,0,0,0,0,0,0,0.1,0.1,0.1,0.2,0.45805391207992274,0.46823145111383385,0.4787244322650327,0.4895604581771564,0.5007566271181968,0.5123213058743477,0.5242419046964375,0.5364876839059277,0.5490152944941363,0.5617906680172718,0.574799247654343,0.5880404573984211,0.6015106078680176,0.6152102342763691,0.6291370831799392,0.6432699092240249,0.6575932271232091,0.6721161877184421,0.6868549085973644,0.7018107922471011,0.7169811299665148,0.732327711120346,0.7477722411917467,0.7632136611520827,0.7785734986240096,0.7938195241433634,0.017995849593159825,0.019114100946243964,0.019731375693146407,0.020783209693138273,0.023288905997758076,0.02591388244670685,0.0268117366240195,0.029843349928635233,0.030575296268835758,0.032320310562121236,0.03552271134611709,0.038014310906407105,0.04091010750123008,0.04584152819552184,0.04969075267126528,0.05459289551194903,0.05959615538407529,0.0657417937293886,0.07318406146180528,0.07883739812052445,0.08595869382820134,0.09052251480497019,0.09699129390492017,0.10490688693733319,0.1137403948986051,0.11883880779495744,0.011827809104662357,0.012584238756704717,0.013340668408747078,0.014097098060789438,0.014853527712831797,0.015609957364874158,0.01739788199697428,0.019254572961078256,0.019254572961078256,0.02186769357722459,0.024962178517397883,0.02695640214550956,0.029397606931646267,0.03111676523174254,0.03317975519185807,0.03483014715995049,0.03658368862604869,0.04084720121028744,0.044251134644478066,0.04772383441067254,0.048961628386741854,0.05174666483289781,0.054428551781047996,0.05858891486728098,0.06312749277953514,0.06776922018979507
6,,G,EU,ISL,0,0,255,0,206821,209722,212673,215485,218031,220260,222238,224096,226025,228160,230543,233131,235861,238641,241398,244123,246836,249524,252178,254793,257360,259882,262386,264908,267478,270096,7,7,8,8,8,8,8,8,8,8,8,8,8,7,7,7,7,7,7,7,7,6,6,6,6,6,1621,1795,2390,2374,2330,2426,2607,2679,2959,3155,3329,3758,3960,4125,4044,4114,4210,4482,4541,4510,4494,4546,4727,4780,4981,5123,3324,3999,4674,5349,6024,6699,7651,8635,9728,11135,12619,13582,13750,14823,15565,16649,18157,18516,19270,20062,20377,19839,20283,21514,21745,23024,75.88,76.26,76.64,77.02,77.4,77.78,78.16,78.54,78.92,79.3,79.39,79.5,79.6,79.7,79.8,79.89,80,80.1,80.2,80.3,80.39,80.5,80.6,80.7,80.8,80.89,69.8,70.2,70.6,71,71.4,71.8,72.2,72.6,73,73.4,73.5,73.6,73.7,73.8,73.9,74.18,74.46,74.74,75.02,75.3,75.5,75.7,75.89,76.1,76.3,76.5,72.7,73.1,73.5,73.89,74.3,74.7,75.1,75.5,75.89,76.3,76.39,76.5,76.6,76.7,76.8,77,77.2,77.39,77.6,77.8,77.96,78.11,78.28,78.44,78.6,78.75,13.63,13.14,12.65,12.19,11.7,11.2,10.74,10.25,9.75,9.29,8.8,8.32,7.84,7.36,6.88,6.4,6.32,6.24,6.16,6.08,6,5.78,5.56,5.34,5.12,4.9,0,0,0,0,0,0,0,0,0,0,0,0,0,0,0,0,0,0,0.57,3.9,7.7,11.4,13.2,16.9,20.5,26,0.00016873984274297775,0.00017110669274272332,0.0001735143364342949,0.00017580857366259018,0.00017788578845037101,0.00017970437123197492,0.00018131816968061217,0.000182834063268867,0.0001844078838995148,0.00018614977454048577,0.00018809400189291378,0.00019020548338182847,0.00019243281895552907,0.00019470094822105567,0.00019695031238834232,0.0001991735685928603,0.00020138703431134004,0.00020358010318390678,0.00020574543234603182,0.00020787894242853256,0.00020997329056688033,0.00021203092438258468,0.00021407387246923166,0.000216131506284936,0.00021822830204479334,0.00022036425974880365,0.00043943889535742704,0.0004866087706147943,0.0006479080566960213,0.0006435705969022404,0.000631642582469343,0.0006576673412320283,0.0007067348551491748,0.0007262534242211887,0.0008021589706123545,0.0008552928530861704,0.0009024627283435376,0.0010187608690642878,0.0010735212989607717,0.0011182513530841372,0.0010962929628781214,0.001115269349475913,0.0011412941082385982,0.0012150309247328734,0.0012310253077224406,0.0012226214793719901,0.001218284019578209,0.0012323807639079971,0.0012814482778251435,0.0012958161133920427,0.0013503054520514152,0.0013888004077212206,0.11428964379040021,0.1374982808416999,0.1607069178929996,0.18391555494429926,0.20712419199559895,0.23033282904689864,0.2630656030807317,0.29689863842662634,0.33447943886673087,0.38285655343144,0.4338811717782973,0.4669921606381516,0.47276853252647505,0.509661669646541,0.5351739788199698,0.572445330766057,0.6242951450969605,0.6366387016916518,0.6625636088571035,0.6897950763306285,0.700625773621235,0.6821276303121991,0.697393756017054,0.7397194333654243,0.7476619447118691,0.7916380140283318
7,,H,AS,ISR,255,215,0,0,2981178,3072749,3169216,3265615,3358251,3446529,3531387,3612531,3689964,3763901,3834951,3903752,3970806,4036715,4102601,4167117,4232020,4305161,4396831,4513700,4659310,4829690,5014633,5199614,5373900,5534067,411,411,421,427,422,412,413,413,413,413,418,420,407,419,420,428,428,428,427,431,433,432,432,434,428,419,7606,8438,8663,9086,9626,10255,10973,11711,12251,12363,12931,13625,14384,14710,15131,15630,17074,18991,20087,20507,21154,24070,25370,27581,29474,31531,4456,4716,4976,5236,5496,5756,5918,6534,7405,8380,9350,9971,10551,11045,11518,12099,13067,13471,13873,14891,15548,16253,17020,18091,19510,20122,72.1,72.39,72.7,73,73.3,73.6,73.89,74.2,74.5,74.8,75.08,75.36,75.64,75.92,76.2,76.44,76.68,76.92,77.16,77.4,77.7,78,78.3,78.6,78.9,79.2,69.05,69.32,69.57,69.83,70.1,70.36,70.62,70.88,71.14,71.4,71.68,71.96,72.24,72.52,72.8,73,73.2,73.39,73.6,73.8,74.08,74.36,74.64,74.92,75.2,75.48,70.39,70.69,71,71.3,71.6,71.89,72.19,72.5,72.8,73.1,73.38,73.66,73.94,74.22,74.5,74.72,74.94,75.16,75.38,75.6,75.86,76.12,76.38,76.64,76.9,77.16,24.56,23.9,23.22,22.58,21.9,21.22,20.58,19.9,19.22,18.58,17.9,17.16,16.41,15.68,14.94,14.2,13.47,12.76,12.04,11.32,10.6,10.24,9.88,9.52,9.16,8.8,0,0,0,0,0,0,0,0,0,0,0,0,0.23,1.09,1.96,2.8,3.62,4.4,5.4,6.3,7,7.7,8.3,9.8,13.3,15.6,0.0024322651322100995,0.0025069755152941054,0.002585680416681715,0.0026643298386484415,0.0027399091273683416,0.002811932837908686,0.002881166259928131,0.0029473695265187392,0.0030105450853020205,0.0030708683491528265,0.003128836185237598,0.0031849691210640357,0.003239676725298072,0.0032934501539892925,0.003347204817582273,0.0033998417340192206,0.0034527943936309017,0.0035124682219078375,0.003587259376501659,0.0036826097359019573,0.0038014091252376874,0.003940417709504027,0.004091307864451612,0.004242229022604985,0.0043844244100767725,0.004515100474850729,0.0020619199494685933,0.0022874678587452,0.0023484633870952437,0.0024631349803933265,0.0026095242484334316,0.002780040636576443,0.0029746841448223607,0.0031747494778105044,0.00332113874585061,0.003351500964407076,0.0035054807870862977,0.003693618105641544,0.0038993763546090253,0.003987752097907311,0.004101881508731171,0.004237156036049712,0.004628611782438438,0.005148293683980812,0.0054454096798548035,0.005559267999441552,0.005734664029852567,0.006525166077269135,0.006877584685513833,0.007476967410766931,0.007990143122618632,0.00854777779735659,0.15321138770457984,0.16215101086508046,0.17109063402558108,0.1800302571860817,0.18896988034658233,0.19790950350708295,0.20347957639939485,0.22465960665658094,0.254607344244258,0.28813093109613536,0.321482602118003,0.3428345482051987,0.3627767844863155,0.3797620684912667,0.39602530601017744,0.4160019254572961,0.44928483014716,0.46317562921193783,0.4769976619447119,0.5119997249346719,0.534589464997937,0.5588295970292945,0.5852014853527713,0.6220258561408335,0.6708155686975656,0.6918580662907441
8,,I,AF,LBR,255,177,78,0,1427168,1469158,1512670,1557914,1605036,1653089,1701806,1752706,1807890,1868259,1935410,2007231,2076455,2133303,2171122,2189305,2191352,2180175,2160323,2136718,2106120,2071562,2051573,2070347,2143442,2281842,571,571,571,571,571,571,576,576,576,576,576,580,585,586,588,597,603,613,615,615,605,605,585,585,585,585,650,846,834,860,853,883,893,841,900,890,837,841,829,862,862,849,825,834,818,565,450,460,480,480,486,488,383,385,419,446,498,495,549,549,527,506,491,480,507,546,571,284,262,171,124,102,101,113,177,200,225,224,42.46,42.72,42.98,43.24,43.5,43.76,44.01,44.28,44.54,44.8,45.04,45.28,45.51,45.76,46,46.24,46.48,46.72,46.96,47.2,46.16,45.12,44.08,43.04,42,40.96,41,41.19,41.4,41.59,41.8,42,42.19,42.4,42.59,42.8,42.98,43.16,43.34,43.52,43.7,43.94,44.18,44.42,44.66,44.9,43.83,42.78,41.72,40.66,39.6,38.54,41.64,41.88,42.12,42.36,42.6,42.84,43.08,43.32,43.55,43.8,44.01,44.23,44.46,44.68,44.9,45.12,45.33,45.56,45.78,46,44.96,43.92,42.87,41.83,40.8,39.76,170.03,168.8,167.54,166.35,165.1,163.84,162.65,161.39,160.14,158.95,157.7,156.17,154.66,153.14,151.62,150.1,147.78,145.46,143.14,140.82,138.5,146.62,154.74,162.85,170.98,179.1,0,0,0,0,0,0,0,0,0,0,0,0,0,0,0,0,0,0,0,0,0,0,0,0,0,0,0.0011643890315190919,0.0011986475739145818,0.0012341478762892557,0.001271061272148783,0.0013095068790732955,0.0013487120645396084,0.001388458990233371,0.0014299869685122574,0.001475010150306797,0.0015242636379436947,0.0015790503819398736,0.0016376472567526024,0.001694125307211888,0.0017405061030703974,0.001771361635693761,0.0017861966696632108,0.001787866763406568,0.0017787477415357798,0.0017625510141331777,0.0017432923122221145,0.0017183282045722646,0.001690133236529794,0.0016738247344115884,0.0016891419498184215,0.0017487782478988775,0.0018616951868732955,0.0001762093041223489,0.00022934318659616486,0.0002260900917508292,0.00023313846391572317,0.00023124082525594403,0.0002393735623692832,0.00024208447474039624,0.00022798773041060835,0.0002439821134001754,0.00024127120102906234,0.00022690336546216312,0.00022798773041060835,0.00022473463556527267,0.00023368064638994577,0.00023368064638994577,0.0002301564603074988,0.00022365027061682744,0.0002260900917508292,0.0002217526319570483,0.00015316654896788788,0.0001219910567000877,0.00012470196907120076,0.00013012379381342688,0.00013012379381342688,0.00013175034123609472,0.00013229252371031733,0.013168752578737451,0.0132375189107413,0.014406546554806766,0.015334892036858753,0.017122816668958877,0.0170196671709531,0.018876358135057076,0.018876358135057076,0.018119928483014715,0.01739788199697428,0.0168821345069454,0.01650391968092422,0.017432265162976208,0.0187732086370513,0.019632787787099436,0.00976481914454683,0.00900838949250447,0.005879521386329253,0.004263512584238757,0.003507082932196397,0.0034726997661944712,0.0038852977582175766,0.006085820382340806,0.006876633200385091,0.007736212350433228,0.007701829184431302
9,,J,EU,NOR,250,135,117,0,3906491,3934530,3961021,3985400,4007311,4026584,4043438,4058406,4072256,4085619,4098697,4111566,4124588,4138150,4152559,4167994,4184542,4202287,4221267,4241487,4263058,4285960,4309881,4334392,4359184,4384077,806,795,790,793,792,795,800,806,830,817,828,841,849,855,858,869,869,874,882,864,892,883,890,901,992,1000,71642,73397,85318,78089,78744,82348,81257,85546,93707,91526,97122,95996,101946,107161,106822,99834,104426,104391,104611,106167,108648,109335,112721,106242,117805,114045,3102,3886,4670,5454,6238,7022,7794,8628,9769,11106,12275,13064,13963,15326,16488,17417,18125,18866,19779,20924,22409,23285,24366,25877,27277,29084,76.8,77,77.19,77.39,77.6,77.8,78,78.19,78.39,78.6,78.78,78.96,79.14,79.32,79.5,79.56,79.62,79.67,79.74,79.8,79.89,80,80.1,80.2,80.3,80.39,70.76,70.92,71.08,71.24,71.4,71.56,71.72,71.88,72.04,72.2,72.32,72.44,72.56,72.67,72.8,72.84,72.88,72.92,72.96,73,73.26,73.52,73.78,74.03,74.3,74.56,73.68,73.86,74.04,74.22,74.4,74.58,74.76,74.94,75.12,75.3,75.44,75.58,75.72,75.86,76,76.06,76.12,76.17,76.24,76.3,76.52,76.74,76.96,77.18,77.4,77.62,13.46,13.05,12.62,12.22,11.8,11.37,10.97,10.55,10.12,9.72,9.3,9.04,8.78,8.52,8.26,8,7.98,7.96,7.94,7.92,7.9,7.42,6.94,6.46,5.98,5.5,0,0,0,0,0,0,0,0,0,0,0,0,0,0,0,0,1.97,4.79,7.81,11.06,14.5,16.2,18.9,22.9,27.3,31.7,0.0031872037995022647,0.0032100800860044593,0.0032316933998077202,0.00325158358806825,0.0032694601997002477,0.0032851845361515047,0.0032989352737922187,0.0033111472733772557,0.003322447126013063,0.0033333496480904843,0.0033440196461244974,0.0033545191265266783,0.0033651434356258463,0.0033762083165967353,0.003387964242707157,0.003400557255373849,0.003414058335620588,0.0034285360168496417,0.003444021302266798,0.00346051827124124,0.0034781174857688208,0.00349680262837281,0.0035163191464162137,0.0035363170300231643,0.003556544174178177,0.0035768537215906783,0.019421518409128185,0.019897283530258526,0.023128962167862404,0.021169243614784772,0.02134680837509268,0.022323821193641825,0.02202806065395339,0.023190770969923783,0.025403146555989152,0.024811896567849392,0.026328923130724262,0.02602367439773693,0.0276366672585492,0.029050408060084663,0.028958508130703928,0.02706412256577012,0.02830897352658524,0.028299485333286346,0.02835912540545083,0.028780943370396023,0.029453520729669173,0.02963976040956464,0.030557675338423525,0.02880127521317937,0.0319359031878974,0.030916600136358892,0.10665658093797277,0.13361298308348232,0.1605693852289919,0.18752578737450146,0.214482189520011,0.24143859166552056,0.267982395819007,0.29665795626461283,0.3358891486728098,0.3818594416173841,0.42205336267363497,0.44918168064915415,0.48009214688488516,0.5269564021455095,0.566909641039747,0.5988516022555357,0.623194883784899,0.6486728097923257,0.6800646403520836,0.7194333654242883,0.7704923669371476,0.8006120203548343,0.8377802228029156,0.8897331866318251,0.9378696190345207,1
10,,K,OC,PYF,234,95,148,0,114592,118304,122044,125865,129807,133869,138031,142295,146654,151101,155639,160253,164894,169500,174024,178446,182776,187026,191222,195386,199515,203605,207671,211730,215796,219871,24,24,24,24,24,24,24,24,24,24,24,24,24,24,24,24,23,23,23,23,23,23,23,23,23,23,102,109,119,129,141,153,196,215,235,255,280,290,187,203,220,225,225,256,271,291,302,317,323,335,349,335,3408,4073,4738,5403,6068,6733,7088,8087,8832,9396,10828,12269,13065,13900,14709,15896,17080,17679,18486,19205,20418,20653,20734,20931,21062,21131,61.48,61.86,62.23,62.62,63,63.38,63.76,64.14,64.52,64.9,65.72,66.54,67.36,68.18,69,69.42,69.84,70.25,70.67,71.1,71.44,71.78,72.11,72.46,72.8,73.14,58.33,58.58,58.81,59.05,59.3,59.54,59.78,60.01,60.26,60.5,61.2,61.9,62.6,63.3,64,64.36,64.72,65.08,65.44,65.8,66.22,66.64,67.06,67.48,67.9,68.32,59.69,60,60.3,60.6,60.9,61.19,61.5,61.8,62.1,62.4,63.16,63.92,64.68,65.44,66.2,66.6,67,67.4,67.8,68.2,68.6,69,69.4,69.8,70.2,70.6,69.33,68,66.64,65.36,64,62.64,61.36,60,58.64,57.36,56,50.8,45.6,40.4,35.2,30,27.56,25.12,22.68,20.24,17.8,16.5,15.2,13.9,12.6,11.3,0,0,0,0,0,0,0,0,0,0,0,0,0,0,0,0,0,0,0,0,0,0,0,0,0,0,0.0000934926146745413,0.00009652113835570488,0.00009957250650429104,0.00010268996043363535,0.00010590613509719862,0.00010922021462114432,0.00011261588152874207,0.0001160947675676649,0.00011965116162105715,0.0001232793525720632,0.00012698178804219259,0.00013074622992389755,0.00013453270039918855,0.00013829061529020134,0.00014198162852661946,0.00014558942263171248,0.00014912215634384565,0.0001525896201490572,0.00015601302676709664,0.00015941032542236743,0.00016277906849335999,0.00016611599248472826,0.00016943333550402008,0.00017274496740645622,0.000176062310425748,0.00017938699630956848,0.00002765130618535321,0.000029548944845132352,0.00003225985721624541,0.00003497076958735847,0.00003822386443269414,0.000041476959278029814,0.000053133882473815974,0.00005828461597893079,0.0000637064407211569,0.00006912826546338303,0.00007590554639116568,0.00007861645876227874,0.00005069406133981422,0.000055031521133595115,0.00005964007216448732,0.00006099552835004385,0.00006099552835004385,0.00006939935670049434,0.00007346572525716392,0.00007888754999939004,0.00008186955360761441,0.000085935922164284,0.00008756246958695184,0.0000908155644322875,0.00009461084175184579,0.0000908155644322875,0.11717782973456196,0.1400426351258424,0.1629074405171228,0.18577224590840324,0.20863705129968368,0.2315018566909641,0.24370788062164764,0.2780566634575712,0.30367212212900563,0.3230642277540916,0.37230092146884886,0.4218470636776234,0.4492160638151561,0.47792600742676383,0.5057419887223216,0.5465548067666071,0.5872644753128868,0.6078599917480402,0.635607206711594,0.6603287030669784,0.702035483427314,0.7101155274377665,0.7129005638839224,0.7196740475863017,0.724178242332554,0.7265506807866868
11,,L,AF,RWA,205,52,181,0,3898015,4020260,4144469,4273655,4410039,4554233,4705607,4863700,5027665,5196989,5363504,5526006,5698321,5899683,6139088,6440588,6789282,7109723,7299316,7293695,7047441,6606155,6107096,5742029,5643992,5869054,748,808,805,884,912,939,965,980,997,1015,1060,1075,1090,1108,1119,1130,1142,1153,1155,1185,1187,1187,1130,940,940,1000,87,124,126,135,143,150,153,169,193,166,162,155,165,176,184,234,246,213,161,180,176,185,168,171,175,175,39,118,197,276,355,434,455,515,602,690,769,807,869,837,874,902,883,913,924,939,985,1141,1166,629,875,978,46.04,46.08,46.12,46.16,46.2,46.24,46.28,46.32,46.36,46.4,46.72,47.04,47.36,47.68,48,47.66,47.32,46.98,46.64,46.3,42.14,37.98,33.82,29.66,25.5,25.5,42.83,42.87,42.92,42.96,43,43.04,43.08,43.12,43.16,43.2,43.46,43.72,43.98,44.24,44.5,43.98,43.46,42.94,42.42,41.9,37.9,33.9,29.9,25.9,21.9,21.9,44.28,44.36,44.44,44.52,44.6,44.68,44.76,44.84,44.92,45,45.24,45.48,45.72,45.96,46.2,45.76,45.32,44.88,44.44,44,39.92,35.84,31.76,27.68,23.6,23.6,135.8,135.45,135.09,134.75,134.4,134.04,133.7,133.35,132.99,132.65,132.3,130.7,129.1,127.5,125.9,124.3,122.86,121.42,119.97,118.53,117.1,120.5,123.89,127.3,130.7,130.7,0,0,0,0,0,0,0,0,0,0,0,0,0,0,0,0,0,0,0,0,0,0,0,0,0,0,0.003180288452863918,0.00328002495000935,0.0033813638233697076,0.003486763300814427,0.00359803543813442,0.003715679550117637,0.0038391816362470703,0.003968165578684084,0.004101940332289145,0.004240087353784119,0.0043759425856723065,0.004508523715854538,0.004649111015994545,0.004813397003463958,0.005008721279296116,0.005254707241007004,0.005539197552558635,0.005800636980607057,0.005955320948894461,0.00595073492205938,0.005749822726320896,0.005389789024498171,0.004982619843518156,0.004684771229641177,0.00460478540633023,0.0047884076037251755,0.00002358493762868362,0.00003361531340180194,0.00003415749587602455,0.00003659731701002631,0.00003876604690691676,0.0000406636855666959,0.000041476959278029814,0.00004581441907181071,0.000052320608762482054,0.000045001145360476794,0.00004391678041203157,0.00004201914175225243,0.00004473005412336549,0.000047712057731589854,0.0000498807876284803,0.0000634353494840456,0.00006668844432938128,0.000057742433504708175,0.000043645689174920263,0.00004879642268003508,0.000047712057731589854,0.00005015187886559161,0.000045543327834699404,0.000046356601546033324,0.00004744096649447855,0.00004744096649447855,0.0013409434740750928,0.0040572135882272035,0.006773483702379315,0.009489753816531426,0.012206023930683537,0.014922294044835648,0.015644340530876082,0.01770733049099161,0.020698665933159124,0.023724384541328566,0.026440654655480678,0.027747214963553844,0.029878971255673223,0.02877870994361161,0.030050887085682848,0.031013615733736764,0.03036033557970018,0.031391830559757944,0.03177004538577912,0.032285792875808,0.03386741851189658,0.039231192408196947,0.040090771558245086,0.021627011415211114,0.030085270251684774,0.0336267363498831
12,,M,AS,SAU,157,2,215,0,5991369,6262068,6560072,6888909,7251401,7647380,8077168,8544235,9052716,9604374,10196888,10825137,11483869,12166340,12864760,13581997,14311016,15022596,15679120,16255743,16738406,17139601,17494146,17852219,18250583,18700473,1467,1517,1570,1640,1684,1750,1804,1856,1909,1962,2013,2068,2270,2423,2625,2780,2980,3130,3290,3481,3672,3746,3785,3785,3785,3500,1150,1350,1564,1670,2478,6389,7263,9713,15470,18909,25061,31014,30615,31778,33601,52863,57849,61306,66061,70115,74574,79628,87906,96880,99833,103353,3918,4988,6058,7128,8198,9268,9935,9967,10883,12184,13088,11141,9577,9203,8447,8441,7947,8501,8535,9506,10563,11128,11228,11479,11351,11691,51.98,52.86,53.74,54.62,55.5,56.38,57.26,58.14,59.01,59.9,60.82,61.74,62.66,63.58,64.5,65.22,65.94,66.66,67.38,68.1,68.64,69.17,69.72,70.25,70.8,71.34,48.23,49.27,50.32,51.36,52.4,53.44,54.48,55.52,56.56,57.6,58.46,59.32,60.18,61.04,61.9,62.51,63.14,63.76,64.38,65,65.48,65.96,66.44,66.92,67.4,67.88,50.05,51.01,51.98,52.94,53.9,54.86,55.82,56.78,57.74,58.7,59.56,60.42,61.28,62.14,63,63.66,64.32,64.98,65.64,66.3,66.8,67.3,67.8,68.3,68.8,69.3,123,118.5,113.91,109.59,105,100.41,96.09,91.5,86.91,82.59,78,73.68,69.36,65.03,60.72,56.4,53.62,50.83,48.06,45.28,42.5,40.42,38.34,36.26,34.18,32.1,0,0,0,0.07,0.21,0.35,0.49,0.63,0.77,0.91,1.05,1.19,1.32,1.46,1.62,1.76,1.89,1.99,2.15,2.4,2.5,2.5,2.5,3,3.6,4,0.004888201212039164,0.005109057443711389,0.005352191110489803,0.005620480615269649,0.005916228354017589,0.006239297259929085,0.006589950044379498,0.006971017789581554,0.007385874133849264,0.007835957462756414,0.00831937413312844,0.00883194605504852,0.009369388259127252,0.009926198492211139,0.01049602109711369,0.011081195999998045,0.011675983528424283,0.012256543033015443,0.012792183787663136,0.013262635406899016,0.013656427520455445,0.01398375202429823,0.014273016013667343,0.014565158405931698,0.014890173170943296,0.01525722665125544,0.0003117549226780019,0.0003659731701002631,0.0004239866948420826,0.000452722365975881,0.0006717640855618162,0.001732001913904134,0.0019689356551394156,0.002633109186062115,0.004193781438111904,0.005126064202537685,0.00679381749324644,0.008407623627770044,0.008299458224162634,0.008614737332923082,0.009108936658176994,0.014330696067414968,0.01568235697565194,0.016619519382345724,0.017908558214809984,0.01900756209005922,0.020216357916338534,0.021586453028699073,0.023830546289506465,0.026263319051343326,0.02706385147453301,0.02801809262916481,0.13471324439554394,0.17150323201760417,0.2082932196396644,0.24508320726172467,0.28187319488378487,0.31866318250584513,0.34159675422912944,0.34269701554119103,0.3741919955989548,0.4189244945674598,0.4500068766332004,0.38306285242745153,0.3292875808004401,0.31642827671572,0.29043460321826436,0.29022830422225276,0.2732430202173016,0.2922912941823683,0.2934603218264338,0.3268463760143034,0.3631893824783386,0.3826158712694265,0.38605418786961904,0.39468436253610234,0.39028331728785587,0.40197359372851055
13,,N,EU,SWE,0,0,255,0,8084965,8117862,8144216,8168132,8192567,8218932,8246303,8272583,8294607,8310468,8319263,8322897,8325663,8333422,8350365,8377418,8413202,8456653,8505836,8558830,8616521,8678155,8738187,8789384,8826949,8848174,3055,3035,3022,3023,3010,3007,2998,3004,2989,2983,2964,2954,2945,2937,2926,2912,2894,2876,2857,2849,2793,2771,2783,2783,2770,2815,73571,78988,84889,84464,87870,92676,94822,98067,103067,97230,100656,103392,114324,124229,135757,133992,142556,143683,143286,145497,146698,144963,145723,143848,146734,146822,4745,5172,5599,6026,6453,6880,7197,7827,8778,9765,10705,11643,12350,13357,14049,14635,15432,16317,17318,18163,18616,18957,19013,19744,20802,21439,76.86,77.02,77.18,77.34,77.5,77.66,77.82,77.98,78.14,78.3,78.53,78.78,79.02,79.26,79.5,79.62,79.74,79.86,79.97,80.1,80.25,80.42,80.58,80.74,80.9,81.06,71.94,71.97,72.02,72.05,72.1,72.14,72.17,72.22,72.25,72.3,72.53,72.78,73.02,73.26,73.5,73.66,73.82,73.98,74.14,74.3,74.53,74.78,75.02,75.26,75.5,75.74,74.3,74.4,74.5,74.6,74.7,74.8,74.9,75,75.1,75.2,75.42,75.64,75.86,76.08,76.3,76.5,76.7,76.89,77.1,77.3,77.5,77.7,77.89,78.1,78.3,78.5,11.73,11.34,10.95,10.59,10.2,9.8,9.44,9.05,8.65,8.29,7.9,7.68,7.46,7.24,7.02,6.8,6.64,6.47,6.32,6.16,6,5.84,5.68,5.52,5.36,5.2,0,0,0,0,0,0,0,0,0,0,0,0,0,0,0.05,2.16,4.1,5.9,8.2,10.5,12.7,13.8,14.9,18.1,24.9,29.4,0.006596311412682848,0.006623151214282858,0.006644652753370515,0.0066641651920447366,0.0066841010692401115,0.006705611582939971,0.006727942865719369,0.006749384030143125,0.006767352835518649,0.0067802934104396985,0.006787469020831895,0.00679043390635381,0.006792690613385626,0.006799020978483187,0.006812844328895351,0.006834916163794736,0.006864111393160782,0.006899561927231427,0.006939689050133009,0.006982925468225569,0.007029994045728265,0.007080279613768361,0.007129258151922351,0.007171028444730684,0.007201676745399572,0.007218993667579716,0.019944453405515893,0.02141295463694784,0.023012664027141656,0.02289745025136935,0.023820787004970458,0.025123651490527393,0.025705413285368257,0.026585104349794445,0.027940560535350975,0.02635820098433228,0.027286959562675617,0.02802866518741215,0.030992234591512947,0.03367739329510043,0.03680253307651957,0.03632405704301811,0.03864568239763934,0.03895120222186378,0.03884357900073059,0.03944296172598369,0.03976854230175437,0.03929819900536625,0.039504228345570845,0.03899593227598715,0.03977830158629037,0.03980215761515617,0.16314812267913628,0.17782973456195847,0.19251134644478063,0.20719295832760282,0.22187457021042498,0.23655618209324714,0.24745564571585751,0.26911704029707056,0.30181543116490167,0.3357516160088021,0.368071792050612,0.4003232017604181,0.4246321001237794,0.4592559482877183,0.48304909916105077,0.5031976344381791,0.5306010177417136,0.5610301196534176,0.595447668821345,0.624501444092972,0.6400770182918443,0.6518016778985009,0.6537271351946087,0.6788612295420162,0.7152386191720533,0.7371406959152799
14,,O,NA,USA,255,215,0,0,212124541,214124345,216123111,218133070,220165016,222226196,224323441,226465668,228661616,230917197,233239037,235626667,238069643,240552312,243063478,245598258,248160372,250757356,253400645,256097549,258849984,261652086,264493898,267361632,270244831,273138278,189900,189300,188800,188218,188218,188218,188293,190624,190624,190624,190624,189799,189799,189799,189799,189799,187776,187776,187776,187776,187776,186180,184948,184139,184139,181306,1721317,1861216,1979739,1981410,2009365,2132463,2228643,2305408,2348085,2381378,2392193,2333122,2402910,2518181,2609815,2635832,2765736,2910900,3121605,3181227,3276274,3299529,3417658,3496783,3595759,3688795,4346,5142,5938,6734,7530,8326,9141,10236,11352,12200,13504,13766,15023,16433,17533,18533,19394,20506,22070,23155,23640,24760,25791,27079,27780,28990,73.96,74.32,74.68,75.04,75.4,75.76,76.12,76.48,76.84,77.2,77.34,77.48,77.62,77.76,77.9,78,78.1,78.2,78.3,78.4,78.5,78.6,78.7,78.8,78.9,79,66.44,66.78,67.11,67.46,67.8,68.14,68.48,68.82,69.16,69.5,69.76,70.02,70.28,70.53,70.8,70.94,71.08,71.22,71.36,71.5,71.64,71.78,71.92,72.06,72.2,72.34,70.06,70.42,70.78,71.14,71.5,71.86,72.22,72.58,72.94,73.3,73.46,73.61,73.78,73.94,74.1,74.22,74.34,74.46,74.58,74.7,74.82,74.94,75.06,75.17,75.3,75.42,20.76,20.1,19.42,18.78,18.1,17.42,16.78,16.1,15.42,14.78,14.1,13.34,12.58,11.82,11.06,10.3,10,9.7,9.4,9.1,8.8,8.6,8.4,8.2,8,7.8,0,0,0,0,0,0,0,0,0,0,0.9,2.4,5.2,8.1,10.6,12.9,15.6,18.4,20,21.8,23.4,25.3,27.2,29.7,32.4,35.9,0.1730668630857908,0.17469845084755956,0.176329191732286,0.17796906469286464,0.17962687627148685,0.18130853910584588,0.18301962643011904,0.18476741339130653,0.18655902991086576,0.1883992994349182,0.19029362794350463,0.19224163279179574,0.1942347929934429,0.1962603376752831,0.19830913231384256,0.20037719299717766,0.20246755477596018,0.2045863660754222,0.20674295641288426,0.20894328982609137,0.21118892952931428,0.21347509123837566,0.21579365129748526,0.21813336043818515,0.2204856870677668,0.22284637477242514,0.4666339549907219,0.5045593479713565,0.5366898946674998,0.5371428881247128,0.5447212436581593,0.5780920327640869,0.6041655879494523,0.6249759067663018,0.636545267492501,0.6455707080496477,0.6485025597790064,0.6324889293116045,0.6514078445671283,0.6826568025601857,0.7074979769816431,0.7145509576975679,0.749766793763275,0.7891194821073007,0.8462397612228384,0.8624027629618887,0.888169171775607,0.8944733984946304,0.9264971352433519,0.9479472293797839,0.9747787556641125,1,0.14942923944436803,0.1767982395819007,0.20416723971943337,0.23153623985696603,0.2589052399944987,0.28627424013203134,0.3142965204236006,0.35194608719570897,0.3903177004538578,0.4194746252234906,0.4643102736900014,0.47331866318250587,0.5165383028469261,0.565018566909641,0.6028400495117591,0.6372232155136845,0.6668271214413424,0.7050612020354834,0.7588364736624948,0.796142208774584,0.8128180442855178,0.8513271902076743,0.8867762343556594,0.9310617521661395,0.9551643515334892,0.996767982395819
15,,P,AF,ZAF,255,177,78,0,23105679,23735199,24383117,25039481,25697468,26352528,27007430,27671341,28357481,29074292,29829163,30616723,31417594,32204734,32960770,33672132,34349504,35028773,35760286,36577424,37492564,38486112,39520023,40539858,41504529,42401141,13248,13284,13320,13356,13392,13430,13384,13344,13294,13254,13214,13169,13169,13169,13169,13300,13500,13700,14000,14300,14600,14900,15200,15500,15825,15800,54823,59346,64495,70340,75139,80886,79253,84846,92529,99923,107029,111032,128457,122714,122250,144179,148170,157021,162604,165473,168325,168108,174855,182757,188688,198701,3082,3319,3556,3793,4030,4267,4447,4796,5267,5981,6741,6934,6885,7317,7298,7274,7376,7747,8057,8199,8132,7939,8033,8266,8522,8883,54.84,55.28,55.72,56.16,56.6,57.04,57.48,57.92,58.36,58.8,59.37,59.96,60.54,61.12,61.7,62.3,62.9,63.5,64.1,64.7,64.92,65.14,65.36,65.58,65.8,66.02,49.8,50.1,50.4,50.7,51,51.3,51.6,51.9,52.2,52.5,52.98,53.46,53.94,54.42,54.9,55.4,55.9,56.4,56.9,57.4,57.58,57.76,57.94,58.12,58.3,58.48,52.26,52.62,52.98,53.34,53.7,54.06,54.42,54.78,55.14,55.5,56.04,56.58,57.12,57.66,58.2,58.72,59.24,59.76,60.28,60.8,61.01,61.23,61.46,61.68,61.9,62.12,81.43,80.35,79.24,78.2,77.1,75.99,74.95,73.85,72.74,71.7,70.6,68.61,66.64,64.66,62.68,60.7,58.82,56.94,55.06,53.18,51.3,50.78,50.26,49.74,49.22,48.7,0,0,0,0,0,0,0,0,0,0,0,0,0,0,0,0,0,0,0,0.38,0.9,1.2,1.5,2.3,2.8,3.5,0.018851318971137957,0.019364927868704255,0.019893547213114857,0.020429057427948708,0.02096589180601923,0.02150033812137026,0.022034655528655116,0.022576323143333188,0.023136126817523268,0.023720954158153264,0.024336833657001226,0.0249793832556912,0.025632792951019102,0.026274999882697738,0.02689182987456525,0.027472211518660045,0.028024861611051517,0.028579059416110865,0.029175881733885384,0.02984256324891196,0.030589202031665205,0.03139981185019234,0.03224335278438294,0.03307540947845068,0.033862459308200615,0.034593981580510816,0.014862034892153129,0.016088180557607565,0.01748402933749368,0.019068557618409265,0.020369524465306422,0.021927485804985096,0.021484793814782334,0.02300100710394587,0.025083801078672033,0.02708824968587303,0.029014624016785968,0.030099802238942527,0.03482356704560703,0.033266690070876806,0.03314090373685716,0.03908566347547099,0.04016758860278221,0.04256701714245438,0.0440805195192468,0.04485828027851914,0.04563143248676058,0.04557260568830743,0.04740165826509741,0.04954382122075095,0.0511516633480581,0.053866099905253616,0.10596891761793426,0.11411772796039059,0.12226653830284692,0.13041534864530327,0.1385641589877596,0.14671296933021594,0.1529019392105625,0.1649016641452345,0.1810961353321414,0.20564571585751615,0.2317769220189795,0.23841287305735112,0.23672809792325678,0.25158162563608855,0.250928345482052,0.2501031494980058,0.2536102324302022,0.2663663870169165,0.2770251684775134,0.28190757804978683,0.2796039059276578,0.2729679548892862,0.27619997249346717,0.28421125017191584,0.29301334066840873,0.3054256635951038
